"River","Location","Latitude","Longitude","River type","Fishery area (HA)","Period","Years","Gaps"
"Avon (Hants)","England",50.73027778,-1.77,"Chalk",369.2777,"2006-2020",10,"2013, 2014, 2016, 2018, 2019"
"Dee","Wales",53.27722222,-3.169166667,"Spate",617.035129,"1994-2020",27,""
"Fowey","England",50.33416667,-4.632222222,"Spate",41.5019,"1995-2020",26,""
"Frome","England",50.68861111,-2.081111111,"Chalk",87.642,"1994-2020",24,"2012, 2013, 2014"
"Itchen","England",50.89555556,-1.385277778,"Chalk",69.45,"1994-2020",26,"2011"
"Kent","England",54.24972222,-2.804722222,"Spate",68.1254395,"1994-2010",17,""
"Leven","England",54.23416667,-3.049166667,"Spate",45.84141,"2000-2013",10,"2001, 2004, 2005, 2006"
"Lune","England",53.98805556,-2.874166667,"Spate",422.730864,"1994-2014",21,""
"Tamar","England",50.44305556,-4.199722222,"Spate",292.56571,"1994-2020",27,""
"Teifi","Wales",52.10166667,-4.687777778,"Spate",325.915604,"2010-2020",11,""
"Test","England",50.88972222,-1.410833333,"Chalk",138.2140506,"1994-2020",25,"2011, 2012"
"Tyne","England",55.00972222,-1.426666667,"Spate",541.599255,"2004-2020",17,""
